Title,Description,Content
All Signs Point to Apple TV+ Getting Ads,"Apple TV+ is the last major streaming service that doesn’t have an ad-supported tier, but that seems poised to change. Apple just hired a 14-year ad executive from NBCUniversal, Joseph Cady, to further beef up its growing video advertising team, according to …","Apple TV+ is the last major streaming service that doesnt have an ad-supported tier, but that seems poised to change. Apple just hired a 14-year ad executive from NBCUniversal, Joseph Cady, to furthe… [+2498 chars]"
"Hey Redditors, They Saved You Some Stock in Reddit’s IPO","Being a Reddit user has always had its perks, but now the most loyal Redditors will get VIP passes to own part of the company. Reddit disclosed plans to launch its long-awaited IPO at up to a $6.4 billion valuation, according to a Monday filing with the SEC, …","Being a Reddit user has always had its perks, but now the most loyal Redditors will get VIP passes to own part of the company. Reddit disclosed plans to launch its long-awaited IPO at up to a $6.4 bi… [+3004 chars]"
ADHD medication shortage leads to job fears,A charity for people with ADHD says many employers have lost patience with staff with the condition.,"A charity for people with Attention Deficit Hyperactivity Disorder (ADHD) says it fears many have lost their jobs as they cannot get their medication.
Geoff Norcott: Should my son bother going to uni?,The comedian and former teacher says he has become sceptical about the value of university degrees.,"Comedian and former teacher Geoff Norcott wonders if he should encourage his son to go to university or learn a trade instead. 
"OpenAI CEO Altman wasn’t fired because of scary new tech, just internal politics","As Altman cements power, OpenAI announces three new board members—and a returning one.","Enlarge/ OpenAI CEO Sam Altman speaks during the OpenAI DevDay event on November 6, 2023, in San Francisco.
Nab a OnePlus Pad at Its Best Ever Price With This Amazon Deal - CNET,Android fans can score an $80 discount on this solid midrange tablet for a limited time.,"Top-tier devices from Samsung and Apple dominate the tablet market, especially at the high end, but many of us don't necessarily need a premium model. For those looking for a more affordable alternat… [+1261 chars]"
A photo editor says it's 'astonishing' Kensington Palace released the recent image of Kate Middleton,"""It's astonishing that Kensington Palace released it, and even more bewildering that the wires distributed it,"" said Patrick Witty.","Multiple photo agencies have retracted a picture of Kate Middleton and her children due to concerns that the image could have been digitally manipulated.
Where to watch Oppenheimer: Stream the Best Picture winner from anywhere,"""Oppenheimer"" won big at the Oscars and was awarded best picture. We'll show you how to watch the film from anywhere.","When you buy through our links, Business Insider may earn an affiliate commission. Learn more
Will you be celebrating the solar eclipse? NPR wants to hear from you,"Is this your first total solar eclipse, or did you have your glasses out in 2017, too? However you're celebrating, we want to hear from you.","A man watches the annular solar eclipse in Merida, Mexico, last October.
"The new kids on campus? Toddlers, courtesy of Head Start",And not just toddlers — infants and preschoolers too. A new effort aims to help the 4 million college students raising kids by putting Head Start programs on community college campuses.,"Now that Sarah Barnes' son, Samuel, 2, is enrolled in Head Start, it's lifted an extra stress off Barnes' shoulders. ""It just makes life a little bit easier having child care right on campus,"" she sa… [+8028 chars]"
